fecha,referencia,hotel_id,concepto,monto,pagado
2007-10-30,LhjYX,685,Limpieza,8154,"No
"
2007-01-07,PodYD,579,Luz,4165,"No
"
2009-11-08,gBcjq,982,Gas,6432,"No
"
2011-02-05,vEnxD,703,Agua,131,"Si
"
2023-10-05,HUYCP,239,Gas,2493,"No
"
2007-10-22,LXlXc,506,Otros,9711,"No
"
2000-04-05,LtlNL,286,Luz,286,"Si
"
2016-08-30,yUodZ,459,Gas,9973,"Si
"
2013-10-31,YOGUp,600,Luz,5596,"No
"
2016-01-11,ZXBAc,603,Agua,4616,"No
"
2007-08-17,kavtm,570,Otros,5867,"No
"
2015-11-14,FeMKI,878,Gas,3393,"Si
"
2015-08-19,NaLnD,68,Otros,9149,"Si
"
2012-12-28,QSoif,93,Otros,4570,"Si
"
2002-03-09,hGBwg,271,Agua,9569,"Si
"
2013-07-20,kdBqM,474,Otros,8432,"Si
"
2005-09-12,dWmlz,598,Luz,8008,"Si
"
2013-03-09,IgNQj,116,Limpieza,7049,"Si
"
2005-09-19,OQApP,842,Luz,7960,"No
"
2010-01-17,gGiGh,149,Gas,1409,"Si
"
2002-05-08,wEAot,204,Otros,8208,"Si
"
2023-07-04,oSMup,780,Gas,798,"No
"
2017-07-23,IqTRC,232,Agua,1208,"Si
"
2022-08-26,lBTJa,351,Luz,8302,"Si
"
2005-11-08,zRxSI,817,Otros,2998,"Si
"
2005-08-09,mDYAG,852,Gas,8291,"Si
"
2017-12-09,JeQOJ,663,Limpieza,520,"No
"
2013-01-29,FLeVU,91,Limpieza,9434,"No
"
2004-07-11,bmtcn,819,Otros,2665,"Si
"
2007-11-24,vUuBN,812,Luz,5978,"No
"
2006-02-18,jmYZe,873,Gas,7032,"Si
"
2008-05-30,ymzTJ,246,Agua,13,"Si
"
2024-08-17,YHbPo,68,Agua,7647,"Si
"
2012-03-25,MDfJj,623,Limpieza,7944,"No
"
2016-01-01,dhomY,516,Limpieza,4637,"Si
"
2018-08-21,dakSl,585,Otros,4159,"Si
"
2002-12-17,QPunM,283,Agua,1421,"Si
"
2015-01-07,EApMg,497,Otros,2814,"Si
"
2007-03-02,aGBMC,98,Agua,2237,"No
"
2013-06-17,cSaxM,530,Agua,1310,"Si
"
2000-03-05,ofedq,920,Limpieza,6004,"No
"
2008-05-28,FCJdg,630,Agua,3877,"Si
"
2014-07-07,ySUOz,206,Limpieza,9386,"Si
"
2018-10-30,PSSDB,374,Limpieza,352,"No
"
2000-05-09,wLgJm,86,Otros,7921,"No
"
2003-09-19,RNZjV,243,Agua,6533,"No
"
2021-02-20,PkzZE,264,Otros,3487,"Si
"
2018-01-04,TFqpL,389,Luz,9037,"Si
"
2021-10-10,oPLUg,905,Limpieza,3026,"No
"
2016-05-09,fLvXV,840,Luz,4561,"No
"
2017-08-29,FUeCg,115,Otros,3799,"Si
"
2007-03-29,GzyBp,618,Agua,2285,"Si
"
2005-10-12,sHrSP,121,Agua,9128,"No
"
2010-05-23,fwZcx,183,Gas,5692,"No
"
2011-02-04,OXtnH,262,Otros,5731,"Si
"
2010-06-04,zdFMS,250,Luz,8174,"No
"
2004-11-08,fLvvt,488,Otros,9694,"No
"
2016-11-15,qETed,982,Agua,6571,"Si
"
2012-06-14,tBEnr,596,Luz,7213,"Si
"
2014-11-27,hNqQX,883,Limpieza,8411,"Si
"
2010-05-20,eORbf,339,Luz,2602,"No
"
2003-07-26,HDIMA,730,Gas,4157,"No
"
2016-10-13,wJXEU,770,Luz,1253,"Si
"
2009-02-23,KErKh,870,Luz,6532,"No
"
2011-03-24,yllVo,967,Agua,2702,"No
"
2000-07-13,wDIyV,743,Agua,8889,"No
"
2003-01-05,GdRmR,39,Gas,2248,"No
"
2014-09-24,SaKMJ,117,Otros,5082,"Si
"
2021-10-31,IlDdz,971,Limpieza,205,"No
"
2012-09-18,IIqGe,461,Otros,1716,"No
"
2013-03-11,fbyii,596,Agua,9818,"No
"
2010-03-23,PNVYB,386,Luz,3043,"Si
"
2018-05-17,eLHNG,342,Luz,4253,"Si
"
2017-06-12,kxIpC,144,Limpieza,3030,"Si
"
2024-05-21,ramei,351,Otros,3498,"No
"
2016-04-08,jeiOM,18,Gas,6912,"Si
"
2004-03-31,crFsT,156,Limpieza,7368,"No
"
2013-01-03,exFxz,547,Otros,5494,"Si
"
2009-06-20,tRrVN,726,Agua,9453,"Si
"
2003-10-09,MFCWk,271,Gas,6154,"No
"
2003-12-10,WMQrn,625,Gas,9895,"Si
"
2011-02-27,TYrHA,505,Otros,7112,"No
"
2018-08-17,gkIHB,940,Otros,8900,"No
"
2006-02-24,quXGa,524,Otros,4067,"No
"
2015-06-10,sLLDk,399,Otros,2612,"Si
"
2022-10-05,fDZHy,386,Luz,8789,"No
"
2004-10-13,KFESd,305,Luz,1938,"Si
"
2015-10-02,cHsCT,699,Agua,5787,"Si
"
2004-01-22,nBOyD,301,Luz,8719,"Si
"
2000-01-14,JbCnl,213,Luz,1005,"Si
"
2011-01-05,FrVqr,37,Luz,9334,"Si
"
2014-03-13,twVTu,422,Luz,5611,"Si
"
2022-02-16,iixyB,658,Otros,35,"No
"
2019-02-07,fnTFd,364,Gas,8899,"No
"
2003-08-07,OYzmM,213,Agua,5560,"Si
"
2002-02-03,jaOFV,882,Limpieza,3754,"No
"
2022-09-14,rTPTU,327,Limpieza,8149,"No
"
2014-08-23,vbhQs,809,Luz,8663,"No
"
2013-01-16,FSTLx,692,Agua,3885,"No
"
2010-04-19,nKLFH,905,Gas,4357,"Si
"
2012-08-25,VDGGe,208,Luz,2179,"No
"
2008-08-10,mFpiA,218,Otros,4642,"No
"
2010-02-03,keDLE,448,Limpieza,9858,"Si
"
2000-03-26,KoKYL,594,Agua,6438,"Si
"
2000-12-01,Sydpb,234,Limpieza,5389,"No
"
2024-07-07,ozbVK,812,Luz,680,"No
"
2013-01-09,yczJu,694,Gas,7952,"No
"
2010-12-24,zVwCt,686,Agua,1310,"Si
"
2000-11-24,TLhsU,711,Gas,3843,"Si
"
2014-12-03,oHRTL,607,Agua,7453,"Si
"
2012-12-02,wCNtt,661,Agua,973,"No
"
2008-07-25,kanvD,122,Limpieza,2327,"Si
"
2019-11-30,oonia,373,Limpieza,880,"Si
"
2018-09-27,lZLaL,474,Otros,1914,"No
"
2023-10-15,BIqbE,473,Gas,9619,"Si
"
2021-07-10,xyHoi,486,Luz,2255,"Si
"
2001-07-09,gepLP,794,Luz,5885,"Si
"
2011-01-03,sldtR,994,Limpieza,3558,"No
"
2007-11-19,BklvX,744,Otros,9655,"No
"
2006-08-03,Vhcie,707,Gas,8970,"No
"
2021-05-25,QluaJ,650,Agua,6809,"Si
"
2003-09-12,fPXWf,378,Limpieza,881,"No
"
2005-02-12,kyVmN,21,Otros,7373,"Si
"
2012-05-20,pkGvW,66,Agua,3445,"Si
"
2014-02-26,MPLLM,113,Agua,5789,"No
"
2014-06-16,AoPbh,576,Luz,4413,"Si
"
2017-08-11,xLRke,359,Limpieza,6633,"Si
"
2002-05-26,pHvfV,651,Agua,3157,"No
"
2013-05-25,dEWbd,348,Limpieza,240,"Si
"
2024-10-03,LzGKG,490,Otros,7620,"No
"
2001-10-16,RBysC,527,Agua,3978,"Si
"
2024-04-30,zhvmc,220,Luz,4672,"Si
"
2004-03-10,hyXyU,546,Limpieza,6289,"Si
"
2006-10-27,VBYVH,451,Luz,1654,"Si
"
2019-10-04,dgHvF,968,Agua,5380,"Si
"
2004-07-15,VIcuE,661,Gas,861,"No
"
2014-07-13,EyZwT,311,Limpieza,6062,"Si
"
2012-01-03,sKzvE,643,Agua,6393,"Si
"
2016-09-22,pLDJM,576,Otros,5102,"No
"
2002-12-11,Yrxpl,568,Limpieza,417,"Si
"
2024-06-15,DEopK,596,Otros,1609,"No
"
2024-04-04,muhoQ,175,Limpieza,1189,"Si
"
2022-05-22,JzoQX,218,Otros,93,"No
"
2024-06-28,fYkES,432,Agua,3180,"No
"
2019-03-22,vHrbU,570,Limpieza,1756,"No
"
2019-07-18,ircTb,123,Agua,5870,"No
"
2000-01-29,yTNuy,752,Luz,5498,"Si
"
2006-10-21,GbSdD,824,Agua,2209,"Si
"
2012-05-26,nOnnk,283,Luz,6368,"Si
"
2015-11-21,wRAFB,817,Luz,4815,"No
"
2024-10-04,RHGcK,855,Otros,3675,"Si
"
2001-11-10,KhUnB,201,Gas,3312,"Si
"
2016-05-17,RgIMV,940,Otros,2722,"Si
"
2007-02-02,hOQLY,384,Agua,9383,"No
"
2004-02-29,eFvvW,210,Luz,6912,"Si
"
2016-10-31,UYGJJ,223,Otros,3386,"Si
"
2014-10-06,lsFqf,646,Luz,8126,"Si
"
2020-01-20,ThuWZ,434,Otros,882,"No
"
2019-12-01,dERhx,718,Agua,5587,"Si
"
2007-01-23,EdFbH,363,Agua,8834,"Si
"
2000-09-15,sJjWt,637,Gas,1973,"No
"
2005-06-15,uyRjh,506,Limpieza,1744,"Si
"
2010-02-21,SCafE,931,Otros,7675,"Si
"
2016-12-04,GpUkN,353,Agua,5656,"No
"
2011-06-02,UqwWt,382,Limpieza,8958,"Si
"
2002-07-04,pgmTs,167,Otros,7642,"Si
"
2015-08-01,yfTNX,871,Otros,6101,"No
"
2001-09-26,dwPMs,909,Limpieza,6107,"Si
"
2010-05-14,etkjv,201,Limpieza,3190,"Si
"
2009-04-01,rCnqt,175,Otros,3401,"No
"
2021-06-12,hcuuB,287,Luz,6396,"Si
"
2015-02-27,JxqQk,543,Agua,8887,"No
"
2019-04-05,hMqeK,556,Gas,5892,"Si
"
2014-11-23,URFUz,137,Otros,6800,"Si
"
2017-07-09,JHoQJ,350,Agua,9038,"Si
"
2014-05-21,MNQkX,343,Otros,101,"Si
"
2022-11-28,IpTEO,138,Luz,2468,"Si
"
2021-10-17,UyYMO,191,Agua,652,"No
"
2014-06-18,qJBnx,938,Luz,5095,"Si
"
2014-10-07,XAoBD,719,Gas,7785,"No
"
2006-04-05,UchCl,911,Luz,4509,"Si
"
2001-05-02,YnkYa,282,Gas,803,"Si
"
2022-02-07,nutMk,371,Luz,4447,"No
"
2013-11-10,jQpMw,256,Agua,4833,"No
"
2011-04-24,tmzvl,731,Luz,3583,"No
"
2011-07-27,zACDW,645,Gas,2062,"No
"
2015-07-01,Sfrlb,452,Limpieza,6952,"Si
"
2003-10-27,eJkIJ,285,Limpieza,6012,"No
"
2022-04-21,XXdzg,617,Limpieza,8823,"Si
"
2015-05-19,aehgK,729,Gas,123,"Si
"
2006-06-24,vvbuz,33,Limpieza,9361,"No
"
2002-05-26,KOZiW,138,Luz,8914,"Si
"
2019-05-18,aBtLy,266,Gas,9452,"No
"
2003-08-31,DlXxw,862,Luz,3228,"No
"
2018-04-01,QGqFZ,691,Luz,9272,"No
"
2014-03-27,rexEF,20,Gas,5614,"No
"
2021-01-21,NenBu,246,Limpieza,2049,"Si
"
2002-05-02,RdZRy,246,Agua,3149,"Si
"
2002-11-07,ZcmdI,902,Otros,2739,"No
"
2012-02-06,nHRxE,203,Luz,5512,"No
"
2010-02-19,oqAJA,953,Agua,3039,"No
"
2002-03-16,vRrrd,880,Agua,2959,"No
"
2007-02-28,KpPob,400,Limpieza,665,"Si
"
2011-09-15,phHxR,665,Luz,4688,"No
"
2023-06-11,wHHer,476,Otros,4453,"Si
"
2010-09-13,aiFga,956,Otros,9817,"No
"
2013-09-19,rouyn,577,Gas,5065,"No
"
2017-06-13,elNso,301,Gas,4804,"Si
"
2013-04-24,blvow,708,Luz,5376,"Si
"
2009-10-21,vDPfn,963,Agua,2318,"Si
"
2009-04-24,DUSnb,279,Gas,3556,"No
"
2003-02-23,nEwWL,624,Luz,9180,"Si
"
2022-05-18,KYYJm,617,Gas,2527,"Si
"
2007-03-19,skWbC,99,Luz,1486,"No
"
2020-07-31,cMBnF,323,Otros,6347,"Si
"
2007-09-23,GpNlJ,363,Agua,1836,"No
"
2004-01-24,aifWd,368,Limpieza,4346,"No
"
2000-05-11,LSsjc,897,Gas,4652,"Si
"
2011-06-05,yDnAh,917,Luz,3925,"Si
"
2006-11-16,uBNOZ,252,Gas,8018,"No
"
2001-09-26,xXEIS,656,Limpieza,2491,"No
"
2012-04-04,phZwM,235,Luz,2985,"No
"
2006-02-07,dacAW,977,Gas,8393,"Si
"
2018-08-01,epPPu,952,Gas,2574,"No
"
2011-07-28,MHqgL,985,Otros,6364,"Si
"
2003-01-13,upCsE,247,Luz,8980,"Si
"
2016-12-24,dQbYk,900,Luz,9386,"No
"
2010-01-23,VtRHU,732,Limpieza,682,"Si
"
2001-06-19,iuDMP,809,Luz,3447,"Si
"
2013-09-09,tYAdV,835,Otros,9233,"No
"
2002-11-13,Uhioo,75,Gas,8874,"No
"
2013-01-07,NWZJh,660,Limpieza,4290,"No
"
2001-11-10,MepmW,881,Agua,8176,"No
"
2018-03-09,cgCwy,548,Otros,8407,"No
"
2007-08-22,PFEtd,888,Luz,7400,"No
"
2003-04-08,wipYP,936,Luz,1629,"No
"
2014-04-15,SijUp,279,Limpieza,3958,"No
"
2018-06-17,DzCdG,762,Luz,1652,"Si
"
2015-06-26,jVBEw,972,Limpieza,741,"No
"
2000-09-30,Zaqcf,759,Agua,8191,"Si
"
2004-11-08,PYFIw,754,Agua,5553,"Si
"
2012-10-25,VnYFt,65,Luz,5796,"No
"
2002-10-22,NdTWS,591,Gas,3488,"Si
"
2015-01-20,SHkVf,63,Agua,8137,"Si
"
2016-02-28,UYJBp,538,Gas,5569,"No
"
2002-11-12,nuPWy,572,Luz,1015,"No
"
2019-09-13,qejwQ,432,Otros,9782,"Si
"
2017-11-10,psRpi,980,Limpieza,5602,"Si
"
2017-10-05,TZgcQ,193,Luz,5711,"No
"
2014-04-23,PesjE,368,Luz,2028,"No
"
2008-03-03,bYwOv,204,Limpieza,4713,"Si
"
2002-07-27,HYOym,722,Limpieza,3382,"Si
"
2013-06-08,PygqI,246,Agua,4666,"No
"
2015-04-05,dPUhP,793,Otros,8749,"Si
"
2006-01-21,ZlqZN,523,Agua,8441,"Si
"
2014-06-18,mKMFa,300,Otros,1545,"No
"
2013-05-25,yYpWD,755,Otros,6592,"No
"
2013-11-03,nwzii,301,Otros,934,"No
"
2000-09-27,wHFBD,141,Luz,3218,"No
"
2008-10-20,kAZiS,298,Agua,560,"No
"
2006-04-10,SSQSS,426,Limpieza,8638,"Si
"
2024-06-02,PVRRH,311,Agua,5769,"No
"
2006-04-24,HuCFs,619,Agua,1004,"Si
"
2002-06-04,tOyRF,962,Limpieza,5505,"No
"
2011-10-25,dquQM,189,Luz,2746,"Si
"
2003-11-04,LlzTF,864,Agua,8568,"No
"
2011-07-22,rOkLj,150,Limpieza,6892,"Si
"
2000-03-24,DUWAv,548,Luz,3915,"Si
"
2016-07-17,JrSPW,148,Agua,7008,"Si
"
2020-02-19,oKzdS,68,Luz,2103,"Si
"
2021-02-01,FprHE,206,Luz,8973,"No
"
2000-10-21,UdKFM,619,Luz,1708,"Si
"
2009-11-09,baqRL,739,Otros,8495,"Si
"
2017-05-28,PElQa,627,Otros,3666,"No
"
2023-02-17,bLbyF,761,Luz,4286,"No
"
2006-07-30,QqDpV,363,Limpieza,132,"Si
"
2012-05-16,ExazU,97,Agua,1051,"No
"
2004-09-23,IyhRQ,230,Limpieza,7566,"Si
"
2011-09-24,ixpVu,305,Limpieza,3526,"Si
"
2012-02-29,oGgAn,900,Limpieza,9475,"Si
"
2003-02-23,MpUnF,954,Limpieza,1185,"No
"
2023-08-30,vopci,454,Limpieza,3124,"Si
"
2013-08-21,HPGcD,343,Agua,3336,"No
"
2022-09-27,qjapV,290,Gas,6438,"Si
"
2014-12-18,ubjjL,467,Limpieza,5262,"No
"
2018-01-14,nkVmI,703,Otros,9023,"Si
"
2022-05-12,nJcfc,916,Luz,338,"No
"
2011-02-23,dWHDg,455,Gas,2008,"Si
"
2017-12-29,KXYQU,213,Limpieza,3938,"No
"
2010-08-11,nbubh,841,Gas,3234,"Si
"
2018-06-19,LezBj,169,Otros,6052,"No
"
2000-08-08,UxuZG,610,Limpieza,3860,"Si
"
2000-03-02,wVQWJ,590,Otros,1538,"Si
"
2023-10-31,fXzsE,920,Gas,4780,"Si
"
2013-08-08,nJyTh,690,Limpieza,8301,"No
"
2015-04-16,SaXEw,335,Agua,8973,"No
"
2010-09-26,KgYRR,86,Agua,3986,"Si
"
2024-10-12,SlfwJ,616,Limpieza,5476,"Si
"
2015-10-09,XqLHW,111,Otros,5957,"Si
"
2002-08-26,GaBrV,894,Otros,1603,"No
"
2006-03-29,JbAWQ,937,Agua,2918,"Si
"
2011-06-02,uwKiU,949,Luz,7891,"No
"
2014-06-26,qecKj,811,Agua,3965,"No
"
2012-08-20,qNYdp,907,Limpieza,3525,"Si
"
2002-04-21,zAsec,514,Gas,6480,"No
"
2007-09-12,twjKW,907,Limpieza,7489,"Si
"
2021-10-11,fPlcd,608,Otros,3856,"No
"
2016-03-01,BibXm,806,Otros,8742,"No
"
2019-11-13,tHCJX,82,Gas,2880,"No
"
2011-12-19,PeLRa,576,Limpieza,5684,"No
"
2005-04-11,rFQRS,100,Otros,2941,"Si
"
2016-09-08,wwLqg,253,Otros,8424,"Si
"
2000-01-26,smjtC,795,Agua,4748,"Si
"
2005-04-19,LQjsd,98,Limpieza,6389,"No
"
2014-10-25,UyVLN,153,Otros,335,"Si
"
2011-04-03,bOwXG,105,Luz,5598,"Si
"
2024-11-09,OPGDq,45,Luz,2147,"Si
"
2020-09-21,mdWpN,11,Luz,494,"Si
"
2010-05-17,QAtVi,240,Luz,9065,"Si
"
2013-12-20,KyEpv,380,Otros,6506,"Si
"
2018-09-01,oBGNo,125,Gas,3653,"No
"
2016-07-29,KqtMl,691,Agua,3679,"No
"
2006-04-14,BKppm,843,Otros,5853,"No
"
2018-09-26,ltXJb,912,Limpieza,1859,"No
"
2000-10-02,JaEAl,992,Gas,2203,"No
"
2010-09-23,JDFeB,780,Luz,6086,"Si
"
2022-05-08,ntkBs,896,Luz,769,"No
"
2022-09-19,DBlem,664,Gas,1878,"Si
"
2009-02-19,ePhgY,870,Otros,6015,"Si
"
2004-06-07,RmExQ,574,Gas,566,"No
"
2022-04-15,oBNBN,433,Luz,7901,"No
"
2007-08-03,yJxsz,379,Luz,1765,"No
"
2019-11-08,onvIY,558,Otros,9263,"Si
"
2005-10-08,aijDJ,463,Luz,5225,"Si
"
2023-07-29,tmnDK,992,Luz,910,"No
"
2010-11-23,qLJig,484,Luz,2806,"No
"
2000-03-15,kDlDC,497,Luz,9422,"No
"
2005-11-11,SfTkx,915,Otros,7201,"No
"
2011-12-12,QDVII,625,Agua,5908,"No
"
2015-05-27,GkWof,202,Limpieza,9371,"No
"
2008-09-29,fnGdk,500,Limpieza,7467,"Si
"
2002-03-28,DAVoK,769,Gas,1292,"Si
"
2017-06-20,BhIJZ,390,Gas,5879,"No
"
2024-01-03,dScki,980,Limpieza,5546,"No
"
2007-10-21,ZtjCg,238,Otros,3658,"Si
"
2013-01-19,DXtZg,323,Agua,2377,"No
"
2021-02-10,JuHRe,676,Limpieza,9421,"Si
"
2017-12-06,BAquL,294,Gas,3151,"No
"
2008-03-01,pKpNA,348,Agua,2052,"Si
"
2002-10-09,celdr,814,Gas,9622,"Si
"
2006-10-17,PHuqw,523,Otros,1566,"Si
"
2004-09-17,YkuOG,883,Otros,9533,"No
"
2004-11-01,WnxmW,626,Luz,3883,"No
"
2018-08-05,VTmIl,670,Limpieza,9124,"Si
"
2022-12-13,fzkUr,457,Luz,710,"No
"
2007-01-30,CtoHp,776,Limpieza,9633,"Si
"
2012-06-28,ilQVL,288,Otros,9426,"Si
"
2007-03-11,EDCWt,440,Limpieza,9132,"Si
"
2014-05-24,XKJrS,471,Luz,4046,"No
"
2000-10-03,SDmSZ,699,Luz,4213,"No
"
2014-11-23,aqpfl,85,Agua,1241,"Si
"
2018-06-15,dApCM,994,Limpieza,3108,"Si
"
2024-08-25,aHkOx,511,Agua,2156,"Si
"
2000-02-23,khHkf,288,Otros,3993,"Si
"
2020-10-25,xOIqk,700,Gas,1306,"No
"
2002-07-03,KrFKe,76,Otros,2911,"Si
"
2003-07-04,tPwiN,135,Gas,2898,"Si
"
2015-06-02,fsfls,939,Otros,5142,"No
"
2013-03-18,cLVmE,180,Agua,1956,"No
"
2015-04-14,fXvJL,95,Luz,9713,"No
"
2006-06-19,EwiOD,242,Otros,1621,"No
"
2007-03-15,gCuRg,580,Limpieza,8714,"Si
"
2000-10-09,DHqSR,332,Agua,4407,"No
"
2008-02-15,UBIcd,743,Luz,4170,"No
"
2000-10-19,MVFcu,847,Limpieza,6521,"No
"
2022-12-02,pGuAC,111,Gas,4056,"Si
"
2002-03-22,YmSCp,668,Gas,6241,"No
"
2010-10-10,ysfKT,982,Agua,9467,"Si
"
2000-12-23,zWmbb,75,Gas,3475,"Si
"
2019-01-22,kXyqx,711,Luz,5782,"No
"
2002-10-30,bsmhb,691,Gas,6758,"No
"
2021-08-27,kPKow,662,Luz,4790,"Si
"
2020-03-20,JgnVU,792,Agua,3204,"Si
"
2010-12-19,CRbvv,299,Otros,8793,"No
"
2024-07-11,BohMw,848,Limpieza,408,"No
"
2024-05-28,MKTxV,629,Agua,17,"Si
"
2022-03-23,VpWfT,480,Gas,3118,"No
"
2002-05-05,VvEKC,394,Agua,3450,"Si
"
2000-12-11,CUsTC,243,Otros,9413,"Si
"
2024-01-29,DtPOK,426,Agua,9109,"No
"
2004-10-17,TBwGF,233,Otros,8882,"Si
"
2002-06-22,jQXeD,975,Limpieza,855,"Si
"
2013-10-13,LOzVb,843,Gas,6757,"Si
"
2015-09-21,rIIjE,344,Agua,5718,"No
"
2005-08-29,iRkFo,265,Agua,2384,"Si
"
2014-07-12,HjFTk,658,Limpieza,391,"No
"
2003-07-17,AzLcd,283,Gas,8903,"Si
"
2012-01-02,sWbnH,132,Agua,9535,"No
"
2006-07-04,uyOgW,273,Gas,5318,"No
"
2009-02-10,bppMj,204,Luz,3534,"Si
"
2019-06-15,bsQqP,684,Limpieza,3500,"Si
"
2001-09-01,MrYep,722,Otros,1173,"Si
"
2000-09-20,SBbzO,347,Limpieza,6276,"No
"
2022-04-01,dvieM,130,Otros,3147,"No
"
2000-03-06,WYIvP,518,Gas,6942,"Si
"
2024-05-25,MXpxt,422,Agua,4025,"No
"
2018-11-07,PbYky,49,Otros,1188,"Si
"
2008-06-10,UqTTi,366,Otros,1944,"Si
"
2017-11-26,NbeSr,582,Otros,1387,"Si
"
2015-05-25,NCBwv,145,Otros,5306,"Si
"
2008-08-19,jeEMV,664,Limpieza,9096,"No
"
2020-07-01,AmlIR,391,Limpieza,6031,"No
"
2024-08-12,SYMHd,289,Gas,5455,"Si
"
2012-10-31,AXhxh,105,Agua,8525,"Si
"
2000-03-26,JSNqw,910,Limpieza,4303,"Si
"
2009-01-29,JYkhW,378,Gas,8556,"No
"
2012-10-12,xbvlQ,215,Limpieza,6364,"Si
"
2016-11-02,Upcwg,306,Otros,3457,"No
"
2011-01-09,vbAMY,23,Otros,1767,"Si
"
2020-07-23,uAgKq,756,Otros,4112,"Si
"
2000-08-28,ciKSd,666,Otros,9983,"No
"
2021-03-16,Ngsok,247,Agua,1555,"No
"
2023-10-23,klwEC,656,Otros,4235,"No
"
2016-02-06,FZUBo,207,Agua,2887,"Si
"
2020-01-05,mkfPe,889,Otros,5835,"Si
"
2008-04-02,RbaAu,844,Luz,299,"Si
"
2019-08-11,RIViJ,756,Limpieza,590,"No
"
2024-04-03,eEXec,93,Otros,6176,"No
"
2024-08-08,sVbmG,553,Limpieza,8425,"Si
"
2021-05-23,WOoCh,107,Otros,6254,"No
"
2010-07-20,WUYji,648,Limpieza,3426,"No
"
2010-04-20,ToqFE,679,Otros,4225,"No
"
2000-06-10,MAZYp,621,Agua,1252,"No
"
2009-09-28,SvUZf,717,Luz,5906,"No
"
2003-05-13,iNwrF,455,Agua,7695,"No
"
2000-08-13,pJgRj,146,Gas,899,"No
"
2008-03-13,fLSUB,438,Agua,9940,"Si
"
2002-01-01,JMIax,578,Otros,9839,"No
"
2006-12-29,Oejjx,364,Gas,8297,"Si
"
2022-09-21,MMJxL,923,Luz,7982,"No
"
2019-05-15,bSpBU,186,Gas,984,"No
"
2002-08-19,hvojc,159,Otros,4261,"No
"
2007-07-03,Wcrjg,618,Otros,1006,"No
"
2000-05-09,iMysj,496,Limpieza,7547,"Si
"
2011-04-25,fPpIB,983,Luz,3108,"Si
"
2011-01-12,YDjSN,919,Luz,4724,"Si
"
2020-04-09,eywJp,811,Otros,2387,"No
"
2005-12-24,AQwIX,793,Otros,893,"Si
"
2016-05-15,ihhYd,597,Otros,1666,"Si
"
2010-04-01,QKJiO,290,Gas,1314,"Si
"
2006-09-24,szqXq,311,Gas,2536,"No
"
2014-08-12,mNCGJ,115,Gas,5576,"Si
"
2022-07-30,WSxSz,999,Limpieza,1213,"Si
"
2024-02-05,hzXjD,233,Agua,1651,"Si
"
2002-02-17,eOuuC,139,Agua,2086,"No
"
2008-11-01,TIsdA,2,Gas,808,"No
"
2005-09-26,iEfcY,497,Luz,9960,"Si
"
2020-11-08,ryoiB,481,Agua,6684,"Si
"
2013-11-30,ijUuA,254,Otros,5596,"No
"
2004-12-21,VkNcA,459,Agua,2039,"No
"
2023-01-02,hKaat,726,Agua,5747,"No
"
2004-03-15,MkBDl,689,Gas,4828,"Si
"
2018-11-24,kmlSa,232,Limpieza,6675,"No
"
2000-06-18,RflkR,696,Luz,5998,"Si
"
2000-05-18,CUIfy,148,Otros,7768,"No
"
2024-05-16,Nabxz,310,Otros,5550,"No
"
2010-10-30,lzopK,294,Limpieza,2510,"Si
"
2002-10-10,YdsFr,744,Luz,6220,"No
"
2008-09-22,PxMUF,461,Gas,9593,"No
"
2018-07-16,pUWJR,175,Agua,3976,"No
"
2004-02-27,mcLmx,599,Gas,4096,"No
"
2016-06-06,EcORB,887,Gas,934,"No
"
2021-10-01,dLIUD,766,Limpieza,3901,"Si
"
2023-05-12,uZGCv,102,Luz,9690,"Si
"
2024-10-07,aAdkO,938,Agua,2803,"No
"
2007-12-25,OxrHt,890,Otros,7812,"No
"
2018-04-01,dEjYP,457,Luz,3078,"No
"
2019-03-20,sYsch,478,Gas,2584,"No
"
2003-09-13,wcWGf,249,Agua,4376,"Si
"
2016-01-19,vALDa,330,Gas,8841,"No
"
2024-09-16,ysRrT,2,Limpieza,9907,"Si
"
2019-09-08,QOJNP,927,Limpieza,6182,"No
"
2021-06-28,CNspS,850,Limpieza,5395,"Si
"
2024-08-08,hdtPV,620,Luz,1668,"No
"
2018-09-29,luuHV,409,Luz,6354,"Si
"
2007-10-09,kbSDy,61,Otros,4051,"No
"
2014-10-03,ECSVZ,67,Otros,3944,"No
"
2024-11-06,JRobB,180,Gas,8518,"Si
"
2021-04-11,aywiN,50,Otros,4927,"Si
"
2015-10-24,ttBFO,867,Limpieza,4173,"Si
"
2012-02-25,HmUkx,800,Luz,3829,"Si
"
2009-03-25,OkvpI,560,Limpieza,9685,"Si
"
2007-09-26,KTkMK,943,Luz,4760,"No
"
2014-09-15,siWqX,286,Luz,9411,"Si
"
2024-02-13,GBDag,530,Limpieza,8908,"No
"
2015-12-02,MThMz,129,Otros,6945,"No
"
2007-06-04,fTNTE,432,Agua,3947,"Si
"
2018-07-25,tVGWt,334,Otros,7850,"No
"
2018-12-06,QsWij,352,Otros,6346,"Si
"
2016-06-18,eAapz,99,Limpieza,2648,"No
"
2002-03-28,xFQFT,692,Gas,3361,"Si
"
2013-12-19,lIkka,817,Luz,8737,"Si
"
2023-04-14,LZPQM,264,Agua,4707,"Si
"
2009-12-18,EnQXR,84,Limpieza,477,"No
"
2006-01-15,KRutJ,934,Luz,4598,"No
"
2020-01-22,XFzHZ,33,Luz,1043,"No
"
2022-10-17,KLboV,467,Otros,5728,"No
"
2010-02-01,zeimn,316,Luz,6670,"No
"
2021-06-11,lHSCv,312,Gas,449,"Si
"
2015-08-06,QfDBc,5,Agua,5767,"No
"
2001-04-03,lDTOa,667,Luz,3716,"Si
"
2008-03-17,MtIhG,308,Otros,5813,"No
"
2017-10-31,mWrqs,921,Otros,2911,"No
"
2010-12-14,cwqQf,167,Agua,5749,"Si
"
2005-11-16,TJban,60,Otros,4056,"No
"
2013-11-01,RGFPT,856,Agua,2279,"No
"
2016-07-27,VWkzm,83,Limpieza,3311,"No
"
2005-10-29,AROgQ,327,Limpieza,451,"Si
"
2015-04-08,DfVDt,575,Gas,1579,"No
"
2004-08-31,FgeOw,346,Limpieza,8403,"No
"
2015-12-11,aycxi,384,Otros,360,"Si
"
2024-07-07,xslyc,186,Otros,2451,"No
"
2014-11-14,UEGDd,47,Gas,5684,"Si
"
2018-04-09,fofmt,319,Gas,918,"No
"
2010-01-17,SkmUn,653,Otros,1618,"Si
"
2004-05-17,cxwUs,305,Agua,4179,"No
"
2019-05-25,PawJp,550,Otros,2624,"Si
"
2008-02-15,LMjrD,263,Luz,3374,"Si
"
2010-06-15,ZeLVL,385,Limpieza,1368,"No
"
2015-09-26,orulS,886,Gas,6514,"Si
"
2013-05-05,oJnFZ,259,Agua,3644,"Si
"
2014-07-19,gJAVl,185,Agua,737,"No
"
2006-08-26,ZaZaG,617,Limpieza,9850,"No
"
2001-09-24,YIlwQ,532,Limpieza,8200,"Si
"
2024-12-21,QWXSV,254,Limpieza,9765,"Si
"
2006-06-06,JrwUo,978,Agua,3412,"Si
"
2008-04-01,QNaDQ,757,Otros,7079,"No
"
2024-05-05,aHMDy,919,Limpieza,4657,"Si
"
2019-02-08,fDhGp,466,Luz,5808,"No
"
2019-05-02,QjBSx,142,Luz,8390,"No
"
2009-12-29,WvcQg,753,Luz,1866,"No
"
2019-05-03,iImEu,892,Gas,5382,"No
"
2001-01-07,QSAEF,432,Luz,1454,"No
"
2007-07-03,Wzwan,346,Gas,5420,"Si
"
2010-05-27,BRZSx,102,Gas,9548,"Si
"
2015-10-18,YNUmc,451,Otros,94,"No
"
2002-04-27,WoFDY,727,Agua,6387,"No
"
2008-09-08,EQaoD,266,Limpieza,3024,"Si
"
2024-08-10,KqgHr,84,Luz,5328,"Si
"
2008-05-03,zKsJx,894,Gas,6931,"No
"
2011-05-10,yeeVG,816,Otros,6422,"No
"
2013-03-25,LyDPv,431,Gas,8916,"No
"
2005-10-27,nIwfp,211,Agua,6470,"No
"
2021-02-26,jzGsH,624,Limpieza,2027,"Si
"
2009-04-18,tbVNd,135,Luz,331,"No
"
2010-09-27,FJSiw,421,Otros,7356,"No
"
2001-12-09,GsLJS,926,Gas,6429,"Si
"
2012-06-30,BtkQQ,94,Luz,9426,"No
"
2024-03-12,bSJxd,768,Gas,9538,"No
"
2019-07-11,QNvmp,877,Limpieza,4259,"Si
"
2005-10-06,vJUjV,105,Limpieza,90,"Si
"
2009-02-21,CyyRx,864,Otros,5884,"Si
"
2018-08-08,YHJOo,119,Gas,6035,"No
"
2001-02-07,ZmIWs,430,Gas,6073,"Si
"
2022-09-01,BGyii,184,Agua,3358,"No
"
2014-01-17,ivQth,156,Gas,1336,"Si
"
2013-10-11,NsGKE,139,Otros,5366,"Si
"
2008-05-22,lQmYi,543,Otros,5182,"Si
"
2023-03-24,jWPok,591,Luz,9193,"No
"
2003-10-24,ojDqG,127,Agua,5562,"Si
"
2001-09-27,SPOhH,19,Agua,8431,"Si
"
2007-04-27,Dsnhd,682,Limpieza,4795,"No
"
2014-04-12,VeUan,969,Otros,4688,"Si
"
2001-12-08,yqqCP,426,Limpieza,5333,"No
"
2016-10-19,bgqGD,978,Gas,8954,"Si
"
2016-05-29,YdHpC,989,Luz,7775,"No
"
2013-08-06,kcEVU,564,Otros,7855,"Si
"
2008-06-21,lMpis,489,Limpieza,1626,"Si
"
2011-02-20,wfEJE,868,Otros,8360,"Si
"
2020-06-16,agsuc,917,Luz,3766,"Si
"
2022-07-17,WYPkf,516,Agua,1351,"No
"
2000-05-30,gTzdh,587,Agua,5359,"No
"
2020-02-10,MWkSO,480,Gas,9155,"Si
"
2017-02-13,TrWvz,900,Otros,8920,"No
"
2017-02-20,jCcTK,831,Limpieza,9125,"Si
"
2001-10-04,nLjgV,336,Limpieza,5329,"No
"
2004-11-30,JkeNM,155,Agua,7765,"Si
"
2017-08-21,NngVw,413,Otros,608,"No
"
2016-10-28,jqOYV,864,Agua,4827,"No
"
2022-12-05,oVHKK,537,Luz,2509,"Si
"
2020-03-01,enOQW,817,Otros,7948,"No
"
2008-09-18,gQIlA,938,Gas,7008,"No
"
2008-05-26,FkLhY,192,Agua,2187,"No
"
2019-03-24,TSzwb,891,Otros,6024,"Si
"
2014-01-19,mbSWo,885,Agua,8924,"No
"
2015-09-20,nNYkR,258,Limpieza,3196,"Si
"
2003-04-26,eRglN,99,Luz,9113,"No
"
2013-03-13,TNibe,707,Otros,7406,"Si
"
2013-01-08,wGfna,678,Otros,7021,"No
"
2018-04-06,IIUQO,117,Otros,6043,"Si
"
2012-02-28,oxFmr,17,Luz,1451,"Si
"
2000-01-29,JoJol,738,Agua,8454,"No
"
2010-07-12,jbUHN,101,Luz,4197,"No
"
2013-07-27,jRMVV,123,Luz,6593,"No
"
2001-09-01,TcleB,45,Otros,3623,"No
"
2013-09-30,JMZzM,518,Otros,4776,"Si
"
2019-09-05,uEfNG,921,Agua,9844,"No
"
2018-08-05,AjWQe,482,Limpieza,7939,"Si
"
2020-02-25,KDMpz,664,Agua,1543,"No
"
2002-11-15,JgWOM,993,Luz,7035,"Si
"
2022-02-18,nZgul,224,Agua,7433,"Si
"
2016-01-21,PDCWJ,484,Limpieza,3057,"Si
"
2010-04-10,DJETM,858,Gas,6043,"No
"
2014-06-19,BJJid,916,Agua,1176,"Si
"
2024-05-30,RNevN,427,Gas,3627,"No
"
2013-08-25,WDyDd,412,Otros,5562,"No
"
2022-10-31,MRTRI,45,Limpieza,6042,"No
"
2021-08-01,jYxfA,560,Otros,8924,"No
"
2013-06-28,dXlFX,3,Gas,7625,"No
"
2001-08-29,UXCZD,451,Otros,3114,"No
"
2022-08-15,vQLWL,541,Gas,7279,"Si
"
2019-01-27,hMajc,508,Agua,8274,"No
"
2017-02-09,HzOco,747,Agua,1205,"Si
"
2003-03-21,ujDBK,819,Luz,6825,"No
"
2013-02-06,aNKIn,13,Gas,2047,"No
"
2004-02-18,VsiZe,855,Otros,2200,"No
"
2018-04-25,UTkPw,682,Luz,432,"No
"
2024-06-30,bYeBz,873,Agua,8507,"No
"
2006-03-25,CaXpx,948,Otros,8085,"No
"
2015-01-04,DadaH,411,Gas,73,"Si
"
2011-05-30,GfHHY,356,Agua,8251,"No
"
2022-06-05,LOdBr,11,Limpieza,9468,"No
"
2015-12-23,IFSWw,549,Luz,3537,"Si
"
2021-01-08,XyLoy,755,Luz,3334,"Si
"
2006-11-08,SUUhF,603,Gas,4683,"No
"
2014-08-23,HyNwm,471,Agua,4529,"Si
"
2017-02-19,IvHhN,72,Otros,4630,"Si
"
2011-11-08,Bgeos,555,Otros,1428,"No
"
2005-08-15,KDLTY,59,Otros,2607,"Si
"
2009-04-22,kIKFY,361,Gas,1610,"Si
"
2019-09-05,PMoeP,257,Limpieza,7766,"Si
"
2007-07-20,lJUZk,283,Limpieza,6045,"Si
"
2004-09-18,eCkgO,318,Gas,192,"Si
"
2020-03-24,ZBqny,689,Gas,7510,"No
"
2008-04-04,yKSzo,843,Luz,3304,"Si
"
2020-04-27,VxvDW,32,Limpieza,9366,"No
"
2008-10-11,GeEjS,967,Limpieza,5446,"Si
"
2016-01-05,jOUlr,474,Limpieza,8078,"No
"
2005-03-11,VVdIK,580,Limpieza,3424,"No
"
2018-03-13,CEvrI,953,Agua,1406,"No
"
2009-07-10,ZvGot,371,Limpieza,7280,"No
"
2002-01-03,ScdTI,347,Luz,1666,"Si
"
2001-04-17,JmzgB,520,Gas,2551,"Si
"
2018-11-07,XCiKy,602,Luz,8715,"Si
"
2006-03-25,qKtGu,456,Otros,1456,"No
"
2021-05-01,icMhp,628,Otros,1734,"Si
"
2016-03-03,AegCZ,272,Otros,2135,"Si
"
2021-03-11,hauKv,263,Agua,2762,"No
"
2005-04-09,UTIpI,363,Otros,169,"Si
"
2010-03-07,ZScxy,166,Gas,6509,"Si
"
2022-03-05,PKmGg,874,Gas,1451,"Si
"
2018-07-15,zLHOi,302,Luz,4211,"No
"
2024-08-30,vPrOa,390,Gas,6253,"No
"
2003-05-09,NfWzF,455,Agua,8361,"Si
"
2015-03-11,vHuLA,555,Agua,4464,"No
"
2004-07-08,ZrHGF,539,Gas,2696,"No
"
2012-06-24,lINPZ,503,Gas,3921,"No
"
2006-04-05,kiLYQ,11,Otros,1750,"Si
"
2008-02-25,YfvHR,56,Limpieza,1160,"Si
"
2007-02-11,dKTZv,931,Gas,3428,"No
"
2000-10-19,mMBsU,907,Otros,6562,"Si
"
2020-07-12,pwEPs,253,Limpieza,863,"Si
"
2012-01-19,HjLFJ,740,Otros,4798,"Si
"
2006-07-12,lasez,87,Agua,7582,"No
"
2016-04-26,GKtHB,402,Otros,1229,"No
"
2017-02-07,FyIjJ,199,Agua,7933,"No
"
2010-11-13,Loazm,880,Limpieza,2807,"Si
"
2003-03-16,PxCrJ,486,Agua,2207,"No
"
2012-05-07,Adepy,145,Limpieza,3867,"No
"
2011-07-30,MJuzX,174,Gas,5441,"Si
"
2011-10-10,DLFPi,724,Luz,5642,"Si
"
2023-09-02,IhnEI,859,Luz,710,"No
"
2023-03-20,yGMRu,412,Gas,1324,"No
"
2016-07-12,aeKRw,7,Limpieza,5025,"Si
"
2001-03-25,TwRoM,156,Otros,4556,"No
"
2003-03-18,RlnUD,90,Agua,1820,"Si
"
2003-08-12,CRxBl,202,Luz,5023,"No
"
2013-08-19,WSpAC,248,Otros,2667,"Si
"
2010-09-28,MwPyn,95,Gas,124,"No
"
2014-01-08,PKCpg,218,Otros,9260,"Si
"
2019-09-22,EUPIR,525,Agua,2131,"Si
"
2011-10-08,aFMWW,390,Otros,7420,"Si
"
2005-11-09,tGfTE,845,Luz,5310,"No
"
2021-02-22,Uhegp,636,Otros,5645,"No
"
2011-09-17,GrgDn,433,Agua,6803,"Si
"
2011-05-11,vhXfY,393,Limpieza,311,"No
"
2018-09-28,AncBr,807,Otros,7443,"No
"
2009-07-11,jluHD,477,Otros,4503,"No
"
2023-03-09,Mssws,225,Otros,804,"No
"
2014-04-21,nJCwG,177,Luz,8264,"Si
"
2022-03-03,IIopM,574,Agua,7460,"Si
"
2004-09-18,TjsML,511,Otros,9570,"Si
"
2017-01-23,oXsIF,20,Agua,2626,"Si
"
2013-05-08,WcepI,275,Gas,9280,"Si
"
2016-07-17,ZHzzg,480,Agua,5133,"No
"
2003-03-18,nmITD,183,Luz,4345,"No
"
2012-12-31,ZufEI,826,Limpieza,1068,"Si
"
2022-09-25,SoIRH,846,Luz,7808,"Si
"
2021-10-31,Rgmcb,168,Gas,1677,"Si
"
2022-10-30,cDhoR,672,Limpieza,8066,"Si
"
2001-09-12,sMOyL,306,Gas,2023,"No
"
2003-04-10,eCbVy,225,Otros,3253,"No
"
2024-01-09,SxhfL,617,Luz,1008,"Si
"
2016-01-14,txcCe,940,Luz,613,"Si
"
2003-11-24,EmKTs,175,Gas,8772,"Si
"
2011-02-25,vDPpM,556,Otros,8824,"Si
"
2002-08-01,QczYm,292,Luz,3826,"Si
"
2005-06-01,NCAFC,192,Agua,9487,"Si
"
2003-11-05,SkJtL,602,Otros,9483,"No
"
2004-06-22,ScXkF,101,Limpieza,8720,"Si
"
2013-07-28,nLyEU,787,Limpieza,9086,"No
"
2019-09-01,vMowZ,279,Luz,5437,"Si
"
2018-09-11,SZuBG,866,Agua,7590,"No
"
2004-11-23,auooL,325,Luz,6930,"No
"
2001-07-05,BNxbg,610,Luz,9752,"Si
"
2000-12-19,Ppdbx,614,Otros,5422,"Si
"
2003-06-09,sFOHE,227,Luz,4886,"Si
"
2004-03-18,DbSwU,410,Otros,7042,"Si
"
2009-12-13,tisfb,346,Gas,318,"Si
"
2001-06-02,zzLhq,846,Limpieza,1969,"No
"
2011-06-23,RHCHN,931,Otros,5798,"No
"
2024-05-06,EBoSJ,968,Agua,2328,"No
"
2024-08-10,Mmbig,246,Luz,7087,"No
"
2012-08-19,StQeB,636,Agua,316,"No
"
2017-09-23,Pbfkf,963,Luz,780,"No
"
2010-05-02,EdAjB,24,Luz,6368,"Si
"
2018-02-12,cFBAg,662,Otros,6655,"Si
"
2001-06-14,bAQhV,520,Limpieza,4359,"No
"
2006-05-05,xwmGq,445,Limpieza,712,"No
"
2021-02-15,reUkL,653,Agua,714,"Si
"
2001-06-09,jerTK,131,Luz,2074,"Si
"
2017-03-04,MKFxJ,81,Otros,1333,"Si
"
2024-02-08,QlUNr,372,Luz,6736,"Si
"
2013-01-29,AqkQR,577,Gas,5378,"No
"
2001-10-14,aUckU,308,Agua,3744,"Si
"
2012-03-31,iijRC,464,Gas,4021,"Si
"
2019-06-11,qIKYk,658,Otros,2101,"No
"
2018-06-20,YwbgR,966,Otros,2361,"Si
"
2015-01-06,PTaGi,207,Limpieza,6887,"Si
"
2008-10-19,npzaF,528,Limpieza,5781,"Si
"
2024-04-15,ohqbL,400,Agua,8564,"No
"
2019-06-10,pRTLW,89,Otros,300,"Si
"
2006-12-08,mcvuz,611,Agua,777,"No
"
2020-01-20,ZiUbV,632,Agua,5472,"No
"
2000-07-17,nopDO,510,Agua,6859,"No
"
2008-03-28,ShXXc,543,Otros,4104,"Si
"
2009-05-03,hTIaK,839,Otros,1741,"No
"
2023-11-10,PIIXL,644,Luz,3379,"Si
"
2003-12-04,wbvxc,550,Limpieza,4555,"Si
"
2006-02-15,YypJN,439,Otros,2325,"Si
"
2017-09-10,MNQya,673,Limpieza,9931,"No
"
2017-09-07,xedsd,684,Luz,1415,"Si
"
2019-12-26,PtISD,541,Luz,4244,"Si
"
2016-02-01,ESSWe,273,Luz,4106,"No
"
2016-11-02,tCnEg,556,Luz,9480,"Si
"
2013-07-26,TPJVW,50,Otros,3971,"Si
"
2022-02-22,dxcSb,315,Otros,8726,"Si
"
2016-05-09,kjQKH,988,Gas,9728,"No
"
2020-09-24,TWOEy,605,Luz,5557,"Si
"
2024-06-23,SKvih,707,Luz,5525,"No
"
2008-08-26,nGOhr,845,Otros,140,"Si
"
2009-11-25,Eafwe,452,Limpieza,1117,"Si
"
2010-11-09,VxhWc,99,Agua,2192,"Si
"
2015-02-24,KzNDn,364,Otros,6173,"No
"
2010-05-30,SOKnZ,194,Agua,4394,"No
"
2011-01-11,DklIC,623,Luz,1473,"Si
"
2013-02-16,drrPi,482,Luz,4823,"No
"
2001-05-18,RyFnu,278,Limpieza,770,"Si
"
2023-01-30,PbEUM,682,Otros,5056,"No
"
2000-04-13,VAlla,743,Agua,5889,"No
"
2010-04-04,DnGdw,843,Gas,6252,"Si
"
2012-10-14,XMJrH,533,Luz,4542,"Si
"
2024-07-14,eYobH,74,Otros,3366,"Si
"
2001-11-25,iGCaE,428,Luz,1857,"No
"
2015-11-19,dZdlU,808,Luz,4783,"Si
"
2012-11-24,BwkRC,709,Luz,3285,"Si
"
2017-06-29,TNHYA,461,Agua,476,"Si
"
2012-01-19,vYIUC,532,Gas,3160,"Si
"
2018-11-22,PEPlC,341,Otros,3650,"No
"
2003-06-19,IENju,320,Luz,4469,"No
"
2005-03-23,uxLqt,265,Limpieza,5836,"No
"
2012-07-27,sbShs,932,Otros,4699,"Si
"
2023-11-06,lvnfX,588,Otros,336,"Si
"
2006-10-05,SGwMU,101,Limpieza,2299,"No
"
2017-03-13,hEzWM,630,Luz,3682,"No
"
2017-05-24,sgLfo,896,Agua,6560,"Si
"
2023-05-24,yiFPB,914,Otros,3105,"Si
"
2010-03-01,Nihpb,191,Gas,1954,"No
"
2021-07-19,JkmKj,784,Gas,4122,"No
"
2010-07-24,TUeIO,835,Agua,3459,"No
"
2008-10-24,TFAKu,394,Luz,1139,"No
"
2000-09-18,SoAxw,467,Luz,6611,"Si
"
2016-08-23,SsVLl,524,Gas,9761,"Si
"
2022-07-05,vazqh,40,Gas,7208,"Si
"
2018-04-17,pJaDf,192,Otros,5646,"Si
"
2010-04-19,gSMsr,837,Luz,8720,"No
"
2006-09-02,JkHDN,775,Otros,4563,"Si
"
2020-01-21,hOgbE,747,Otros,7152,"Si
"
2023-09-04,NXIQy,753,Otros,5537,"No
"
2023-12-10,CWmlw,378,Limpieza,9540,"Si
"
2002-10-03,Mvbkq,773,Otros,7050,"Si
"
2014-09-27,VLPBq,415,Otros,3748,"Si
"
2017-10-13,QSitk,12,Gas,8156,"No
"
2013-08-21,yzkTo,417,Agua,6944,"No
"
2019-05-27,fzBMY,610,Luz,9968,"No
"
2018-04-19,YwuyI,372,Limpieza,3782,"No
"
2012-10-09,DjHGy,819,Gas,580,"No
"
2018-02-15,zyFdQ,401,Limpieza,3354,"Si
"
2010-02-24,atFOT,69,Otros,6563,"No
"
2006-01-27,jnhaf,504,Gas,4773,"No
"
2019-06-12,sScmF,457,Limpieza,5691,"No
"
2008-08-31,uUmlk,226,Limpieza,4224,"No
"
2018-10-03,bnOUB,207,Limpieza,4161,"No
"
2008-11-07,ATPpC,448,Luz,4490,"No
"
2017-10-02,iYAaF,990,Gas,9607,"No
"
2011-03-11,djhmN,957,Luz,5017,"Si
"
2014-05-14,DUTio,293,Agua,6592,"Si
"
2015-03-28,dxEsy,409,Luz,5548,"No
"
2023-10-06,Zasov,327,Agua,9105,"Si
"
2012-09-23,mYBRP,201,Limpieza,5842,"No
"
2007-03-19,XgEgB,390,Luz,8737,"Si
"
2006-09-14,PQrxa,860,Agua,6625,"No
"
2005-02-05,EKKYv,179,Gas,3345,"Si
"
2017-02-26,lQHAW,805,Gas,5998,"No
"
2009-12-18,OBWeA,8,Otros,9770,"No
"
2005-07-18,jPZDv,848,Limpieza,6207,"Si
"
2023-06-14,XxrHv,582,Otros,5915,"No
"
2020-07-19,NRNXv,674,Otros,4809,"No
"
2019-02-11,LNiHr,599,Agua,1256,"No
"
2019-03-11,HgUEy,589,Gas,9356,"Si
"
2023-05-29,MmdgE,377,Limpieza,7106,"Si
"
2004-07-24,SwDhg,55,Gas,7471,"No
"
2008-09-09,lPvId,646,Gas,7879,"No
"
2023-12-26,oXaIY,357,Limpieza,5428,"Si
"
2010-09-30,HkJhe,962,Otros,7493,"Si
"
2024-10-19,DILvt,326,Agua,1609,"No
"
2019-08-04,vKuxM,613,Luz,2669,"No
"
2023-09-29,xsqTy,319,Agua,5441,"No
"
2013-09-08,pawfc,789,Otros,9486,"Si
"
2024-04-11,UQnxN,185,Otros,5044,"Si
"
2023-12-27,ckFSH,75,Agua,7162,"No
"
2018-11-07,tltrY,223,Limpieza,2001,"Si
"
2022-01-20,VIfGb,711,Gas,9476,"Si
"
2021-11-15,TuUtz,337,Luz,199,"No
"
2013-09-20,byjRd,718,Agua,2425,"No
"
2005-08-23,jhZYl,861,Agua,8288,"Si
"
2011-09-20,COVuN,818,Luz,327,"Si
"
2008-10-07,eoAYY,607,Limpieza,5057,"Si
"
2012-10-23,ynZWe,102,Otros,7030,"No
"
2019-01-24,tAGiN,474,Agua,2881,"Si
"
2007-01-24,dieCw,64,Agua,2077,"No
"
2001-10-11,ZhXlS,428,Agua,3486,"Si
"
2004-01-07,pqJlO,861,Luz,8396,"Si
"
2010-10-19,gfBKk,538,Gas,1027,"No
"
2019-07-06,sKtLh,907,Limpieza,2736,"Si
"
2004-02-02,yLORX,87,Luz,2382,"Si
"
2011-03-08,niTqF,74,Limpieza,4979,"Si
"
2007-10-06,pvrcJ,274,Otros,1833,"Si
"
2001-12-11,RPVCI,439,Luz,7782,"No
"
2012-02-19,UcwdP,107,Luz,5503,"No
"
2022-05-31,xuKJg,421,Luz,5546,"No
"
2003-08-19,xEiaD,445,Luz,8646,"Si
"
2021-03-31,CmWdD,300,Agua,1518,"No
"
2015-08-27,BSqnS,855,Gas,3505,"No
"
2014-10-02,pESjc,343,Luz,4650,"Si
"
2017-11-23,ZWiIm,857,Limpieza,5587,"Si
"
2022-04-04,WXZSs,398,Limpieza,674,"No
"
2002-12-16,rdHIR,991,Otros,5314,"No
"
2006-10-09,MgsfL,277,Otros,1638,"Si
"
2018-03-14,oPJNp,894,Agua,5009,"No
"
2022-09-22,GLoSB,166,Agua,9397,"No
"
2023-06-21,DhagR,396,Agua,4087,"Si
"
2015-02-03,ylcrn,301,Limpieza,6450,"No
"
2008-04-07,EZznd,534,Gas,8946,"Si
"
2000-09-10,HwhKi,782,Gas,9768,"No
"
2004-08-28,RCrUe,910,Luz,3085,"No
"
2021-06-07,RQVEe,731,Luz,6684,"Si
"
2010-03-07,rVzIG,557,Agua,9483,"No
"
2008-10-13,AIFsC,140,Otros,9742,"Si
"
2002-05-18,avEdQ,855,Gas,7737,"No
"
2022-01-27,FALED,869,Otros,3985,"No
"
2007-11-16,iYTla,577,Limpieza,4802,"No
"
2004-12-22,ccFBJ,29,Luz,4644,"No
"
2005-01-20,wXTBG,182,Limpieza,1755,"No
"
2023-10-09,UZjQZ,973,Limpieza,4731,"No
"
2024-08-26,fKEBe,932,Limpieza,6627,"No
"
2013-07-01,VXUrL,993,Gas,6817,"No
"
2010-12-26,wRcDz,249,Gas,3332,"No
"
2004-03-03,vvZjQ,815,Otros,466,"Si
"
2024-03-03,TgSHC,877,Gas,6774,"No
"
2001-04-21,yaZrP,946,Luz,2733,"Si
"
2011-05-14,EkDuR,732,Limpieza,4565,"Si
"
2012-03-06,ZhqBY,440,Agua,1847,"Si
"
2024-08-13,LiAeH,230,Gas,1700,"Si
"
2020-03-19,bIBMR,869,Limpieza,4202,"No
"
2014-03-20,zrJJa,95,Otros,4550,"Si
"
2008-11-16,sPtkw,43,Gas,8257,"Si
"
2010-08-22,fboEa,829,Gas,8836,"Si
"
2013-03-18,IKKMW,506,Limpieza,2366,"Si
"
2011-10-03,bIVwV,384,Agua,2474,"No
"
2012-01-06,aflDo,939,Limpieza,1806,"Si
"
2004-06-30,YGeCR,291,Gas,2753,"Si
"
2014-05-17,gMJri,23,Limpieza,9280,"Si
"
2000-01-26,afUlF,663,Agua,7158,"Si
"
2005-01-18,IlkpR,913,Luz,3618,"Si
"
2006-07-26,kfoMN,378,Gas,5888,"Si
"
2013-08-15,RVKku,832,Luz,8115,"Si
"
2023-06-04,xPpKm,52,Otros,7517,"Si
"
2005-09-21,VwyBe,439,Otros,3785,"Si
"
2010-01-29,rmkNJ,31,Gas,6598,"No
"
2006-01-27,moTZH,658,Limpieza,2078,"Si
"
2009-10-13,rIxUK,722,Agua,3068,"Si
"
2017-06-04,oXFdp,64,Limpieza,9324,"No
"
2006-06-30,NcPac,959,Gas,5394,"Si
"
2011-10-16,XWzyF,340,Gas,9506,"No
"
2003-05-08,RDvDm,596,Gas,1375,"No
"
2024-05-28,axcYs,994,Gas,5738,"Si
"
2007-03-25,ZZlUM,657,Limpieza,7017,"No
"
2017-12-01,UNryt,827,Luz,6337,"Si
"
2008-12-03,pTckO,57,Luz,2161,"Si
"
2021-03-25,wsrhH,172,Agua,6414,"No
"
2023-01-27,zIMXa,769,Gas,5547,"No
"
2023-09-24,gyosG,853,Limpieza,9256,"Si
"
2002-01-09,ziPVU,672,Luz,3378,"No
"
2014-11-29,VNilT,502,Agua,2511,"Si
"
2000-01-27,yuZUK,717,Otros,9876,"No
"
2012-05-24,hnhHD,960,Luz,6469,"Si
"
2010-03-06,KjcWx,499,Limpieza,6757,"Si
"
2012-10-23,zJNOM,690,Agua,7550,"No
"
2016-05-31,otOzR,504,Agua,5665,"Si
"
2000-11-04,ZmRyR,63,Gas,3510,"Si
"
2010-05-30,kKyQE,331,Agua,3190,"No
"
2011-12-29,EVGFD,730,Agua,7686,"Si
"
2021-04-14,bhdkL,581,Agua,6112,"Si
"
2003-09-04,TKptG,683,Agua,6204,"Si
"
2012-04-07,WPnzn,972,Gas,8444,"Si
"
2005-04-04,rNWNl,646,Otros,3314,"Si
"
2008-08-24,CcPks,493,Luz,2918,"No
"
2010-09-04,Saomt,573,Luz,2735,"No
"
2023-09-09,ZckZU,14,Limpieza,9035,"No
"
2014-04-13,SRXsh,223,Agua,2374,"No
"
2012-09-19,smxxY,804,Luz,8140,"Si
"
2016-09-08,hCpHb,90,Agua,1199,"No
"
2005-06-07,lDWZA,127,Luz,7070,"No
"
2013-06-10,tETEc,231,Luz,2557,"No
"
2018-10-05,MGzdv,240,Limpieza,2712,"No
"
2023-05-19,avGmr,692,Limpieza,78,"No
"
2017-12-30,dXYKK,349,Gas,7106,"Si
"
2007-02-17,KCdoI,638,Gas,9330,"Si
"
2013-11-17,DTrPH,734,Otros,8189,"No
"
2014-01-07,dSpCz,409,Luz,3834,"Si
"
2006-08-01,QbrOr,876,Limpieza,388,"Si
"
2012-01-28,mIHBU,89,Luz,1821,"Si
"
2000-11-11,EnFiq,268,Luz,4883,"No
"
2008-08-10,tAKKP,623,Limpieza,119,"Si
"
2020-06-16,NpHua,135,Agua,4467,"No
"
2009-11-05,FyHjW,237,Otros,139,"No
"
2016-06-21,NGQJA,280,Gas,3822,"Si
"
2006-12-01,ViDFj,701,Luz,2595,"Si
"
2022-01-08,PjUCB,809,Otros,14,"No
"
2009-03-24,ZXAIR,386,Limpieza,8312,"Si
"
2012-08-07,GxXmH,586,Agua,7484,"Si
"
2023-01-24,wTEfy,852,Limpieza,2899,"No
"
2002-06-12,yaDFl,355,Gas,1035,"No
"
2000-10-25,GYfES,584,Otros,7403,"No
"
2000-04-10,kAOmG,824,Agua,6723,"Si
"
2015-03-27,VdgqJ,154,Luz,4095,"Si
"
2006-05-21,YsrBr,357,Luz,3177,"No
"
2020-07-26,bnHWW,370,Gas,3378,"Si
"
2013-05-05,rIcxd,308,Gas,2073,"Si
"
2013-09-03,fMuvV,356,Agua,8849,"No
"
2002-02-15,WKnnF,670,Otros,6739,"No
"
2017-05-14,eejfR,982,Gas,4995,"Si
"
2013-09-05,pMOlm,788,Luz,632,"Si
"
2001-11-07,baqxV,260,Limpieza,575,"Si
"
2018-08-10,aEYNe,759,Luz,479,"No
"
2010-02-27,TIYrr,574,Gas,7712,"No
"
2000-01-20,ZVPkW,320,Agua,863,"Si
"
2023-11-09,IOxDG,882,Gas,8627,"No
"
2022-02-19,lVMoZ,971,Luz,6661,"No
"
2012-07-03,CCTBN,12,Gas,3321,"No
"
2010-06-01,VgEfS,124,Gas,7420,"No
"
2013-08-02,BpzhM,601,Luz,3278,"No
"
2012-01-20,WGhnM,940,Gas,5106,"Si
"
2022-07-18,Frchg,782,Gas,5968,"Si
"
2004-06-02,OESKR,676,Luz,7434,"Si
"
2010-06-14,JsRIE,492,Gas,9302,"Si
"
2000-05-29,umVnr,520,Otros,6878,"Si
"
2022-04-11,gyOsc,800,Otros,7220,"No
"
2003-07-16,MVjqQ,3,Otros,5289,"Si
"
